subject,seed_1,seed_7,seed_2025,seed_mean,seed_sample_sd
A01,0.84375,0.8298611111111112,0.8020833333333334,0.8252314814814815,0.021215628217388132
A02,0.25,0.5,0.6701388888888888,0.4733796296296296,0.2113306759043497
A03,0.8993055555555556,0.9166666666666666,0.8854166666666666,0.9004629629629629,0.015657117197301715
A04,0.7916666666666666,0.8125,0.8020833333333334,0.8020833333333334,0.010416666666666685
A05,0.6701388888888888,0.7118055555555556,0.7013888888888888,0.6944444444444443,0.021684020827772245
A06,0.6701388888888888,0.25,0.59375,0.5046296296296297,0.22379902099967175
A07,0.75,0.8506944444444444,0.8090277777777778,0.8032407407407408,0.050596048598135164
A08,0.8090277777777778,0.8125,0.7673611111111112,0.7962962962962963,0.025118674090521625
A09,0.8125,0.8194444444444444,0.8298611111111112,0.8206018518518517,0.008738234300081915
